-- MySQL dump 10.13  Distrib 5.7.31, for Linux (x86_64)
--
-- Host: localhost    Database: instamove
-- ------------------------------------------------------
-- Server version	5.7.31-0ubuntu0.18.04.1

/*!40101 SET @OLD_CHARACTER_SET_CLIENT=@@CHARACTER_SET_CLIENT */;
/*!40101 SET @OLD_CHARACTER_SET_RESULTS=@@CHARACTER_SET_RESULTS */;
/*!40101 SET @OLD_COLLATION_CONNECTION=@@COLLATION_CONNECTION */;
/*!40101 SET NAMES utf8 */;
/*!40103 SET @OLD_TIME_ZONE=@@TIME_ZONE */;
/*!40103 SET TIME_ZONE='+00:00' */;
/*!40014 SET @OLD_UNIQUE_CHECKS=@@UNIQUE_CHECKS, UNIQUE_CHECKS=0 */;
/*!40014 SET @OLD_FOREIGN_KEY_CHECKS=@@FOREIGN_KEY_CHECKS, FOREIGN_KEY_CHECKS=0 */;
/*!40101 SET @OLD_SQL_MODE=@@SQL_MODE, SQL_MODE='NO_AUTO_VALUE_ON_ZERO' */;
/*!40111 SET @OLD_SQL_NOTES=@@SQL_NOTES, SQL_NOTES=0 */;

--
-- Table structure for table `eventTag`
--

DROP TABLE IF EXISTS `eventTag`;
/*!40101 SET @saved_cs_client     = @@character_set_client */;
/*!40101 SET character_set_client = utf8 */;
CREATE TABLE `eventTag` (
  `eventId` varchar(100) NOT NULL,
  `tagId` int(11) NOT NULL,
  PRIMARY KEY (`eventId`,`tagId`),
  KEY `eventTag_tags_tagId_fk` (`tagId`),
  CONSTRAINT `eventTag_events_eventId_fk` FOREIGN KEY (`eventId`) REFERENCES `events` (`eventId`),
  CONSTRAINT `eventTag_tags_tagId_fk` FOREIGN KEY (`tagId`) REFERENCES `tags` (`tagId`)
) ENGINE=InnoDB DEFAULT CHARSET=utf8;
/*!40101 SET character_set_client = @saved_cs_client */;

--
-- Dumping data for table `eventTag`
--

LOCK TABLES `eventTag` WRITE;
/*!40000 ALTER TABLE `eventTag` DISABLE KEYS */;
INSERT INTO `eventTag` VALUES ('event_2020_9_21_14_25_05',1),('event_2020_9_21_15_31_58',1),('test_event_0001',1),('test_event_01',1),('event_2020_9_21_14_25_05',2),('event_2020_9_21_15_31_58',2),('test_event_01',2),('event_2020_9_21_14_25_05',3),('test_event_0001',3),('test_event_01',3),('test_event_02',4),('test_event_02',5);
/*!40000 ALTER TABLE `eventTag` ENABLE KEYS */;
UNLOCK TABLES;

--
-- Table structure for table `events`
--

DROP TABLE IF EXISTS `events`;
/*!40101 SET @saved_cs_client     = @@character_set_client */;
/*!40101 SET character_set_client = utf8 */;
CREATE TABLE `events` (
  `eventId` varchar(100) NOT NULL,
  `eventName` varchar(100) DEFAULT NULL,
  `userId` int(11) DEFAULT NULL,
  `projectId` int(11) DEFAULT NULL,
  `datetime` datetime DEFAULT NULL,
  `hasSample` tinyint(1) DEFAULT NULL,
  `hasPreview` tinyint(1) DEFAULT NULL,
  `hasAnnotation` tinyint(1) DEFAULT NULL,
  `reconstructMethod` text,
  `videos` text,
  `preview` text,
  `favourite` tinyint(1) DEFAULT '0',
  PRIMARY KEY (`eventId`),
  KEY `events_projects_projectId_fk` (`projectId`),
  KEY `events_users_userId_fk` (`userId`),
  CONSTRAINT `events_projects_projectId_fk` FOREIGN KEY (`projectId`) REFERENCES `projects` (`projectId`),
  CONSTRAINT `events_users_userId_fk` FOREIGN KEY (`userId`) REFERENCES `users` (`userId`)
) ENGINE=InnoDB DEFAULT CHARSET=utf8;
/*!40101 SET character_set_client = @saved_cs_client */;

--
-- Dumping data for table `events`
--

LOCK TABLES `events` WRITE;
/*!40000 ALTER TABLE `events` DISABLE KEYS */;
INSERT INTO `events` VALUES ('0cfde0b2-1745-11eb-9645-c9a198990f44','time2_2组1次',0,1,'2020-10-26 04:38:34',1,0,1,'[\"reconstruct_default\"]','[{\"ip\":\"192.168.3.98\",\"url\":\"/data/instamove_app/0cfde0b2-1745-11eb-9645-c9a198990f44/sample/192.168.3.98.mp4\"},{\"ip\":\"192.168.3.96\",\"url\":\"/data/instamove_app/0cfde0b2-1745-11eb-9645-c9a198990f44/sample/192.168.3.96.mp4\"},{\"ip\":\"192.168.3.99\",\"url\":\"/data/instamove_app/0cfde0b2-1745-11eb-9645-c9a198990f44/sample/192.168.3.99.mp4\"}]','',0),('0ddda44e-1755-11eb-95c2-d3eed687399a','张圣浩_1组1次',0,1,'2020-10-26 06:40:16',1,0,1,'[\"reconstruct_default\"]','[{\"ip\":\"192.168.3.98\",\"url\":\"/data/instamove_app/0ddda44e-1755-11eb-95c2-d3eed687399a/sample/192.168.3.98.mp4\"},{\"ip\":\"192.168.3.96\",\"url\":\"/data/instamove_app/0ddda44e-1755-11eb-95c2-d3eed687399a/sample/192.168.3.96.mp4\"},{\"ip\":\"192.168.3.99\",\"url\":\"/data/instamove_app/0ddda44e-1755-11eb-95c2-d3eed687399a/sample/192.168.3.99.mp4\"}]','',0),('0de8617c-175a-11eb-95c2-d3eed687399a','乔天源_1组2次',0,1,'2020-10-26 07:08:52',1,0,0,'[]','[{\"ip\":\"192.168.3.98\",\"url\":\"/data/instamove_app/0de8617c-175a-11eb-95c2-d3eed687399a/sample/192.168.3.98.mp4\"},{\"ip\":\"192.168.3.96\",\"url\":\"/data/instamove_app/0de8617c-175a-11eb-95c2-d3eed687399a/sample/192.168.3.96.mp4\"},{\"ip\":\"192.168.3.99\",\"url\":\"/data/instamove_app/0de8617c-175a-11eb-95c2-d3eed687399a/sample/192.168.3.99.mp4\"}]','',0),('14fd28c0-175b-11eb-95c2-d3eed687399a','陆传堂_1组3次',0,1,'2020-10-26 07:16:40',1,0,0,'[]','[{\"ip\":\"192.168.3.98\",\"url\":\"/data/instamove_app/14fd28c0-175b-11eb-95c2-d3eed687399a/sample/192.168.3.98.mp4\"},{\"ip\":\"192.168.3.96\",\"url\":\"/data/instamove_app/14fd28c0-175b-11eb-95c2-d3eed687399a/sample/192.168.3.96.mp4\"},{\"ip\":\"192.168.3.99\",\"url\":\"/data/instamove_app/14fd28c0-175b-11eb-95c2-d3eed687399a/sample/192.168.3.99.mp4\"}]','',0),('19a071d6-1759-11eb-95c2-d3eed687399a','房骏龙_1组2次',0,1,'2020-10-26 07:02:10',1,0,1,'[\"reconstruct_default\"]','[{\"ip\":\"192.168.3.98\",\"url\":\"/data/instamove_app/19a071d6-1759-11eb-95c2-d3eed687399a/sample/192.168.3.98.mp4\"},{\"ip\":\"192.168.3.96\",\"url\":\"/data/instamove_app/19a071d6-1759-11eb-95c2-d3eed687399a/sample/192.168.3.96.mp4\"},{\"ip\":\"192.168.3.99\",\"url\":\"/data/instamove_app/19a071d6-1759-11eb-95c2-d3eed687399a/sample/192.168.3.99.mp4\"}]','',0),('23a19438-1756-11eb-95c2-d3eed687399a','张圣浩_1组2次',0,1,'2020-10-26 06:41:44',1,0,0,'[]','[{\"ip\":\"192.168.3.98\",\"url\":\"/data/instamove_app/23a19438-1756-11eb-95c2-d3eed687399a/sample/192.168.3.98.mp4\"},{\"ip\":\"192.168.3.96\",\"url\":\"/data/instamove_app/23a19438-1756-11eb-95c2-d3eed687399a/sample/192.168.3.96.mp4\"},{\"ip\":\"192.168.3.99\",\"url\":\"/data/instamove_app/23a19438-1756-11eb-95c2-d3eed687399a/sample/192.168.3.99.mp4\"}]','',0),('2604e94c-175a-11eb-95c2-d3eed687399a','乔天源_1组3次',0,1,'2020-10-26 07:09:29',1,0,1,'[\"reconstruct_default\"]','[{\"ip\":\"192.168.3.98\",\"url\":\"/data/instamove_app/2604e94c-175a-11eb-95c2-d3eed687399a/sample/192.168.3.98.mp4\"},{\"ip\":\"192.168.3.96\",\"url\":\"/data/instamove_app/2604e94c-175a-11eb-95c2-d3eed687399a/sample/192.168.3.96.mp4\"},{\"ip\":\"192.168.3.99\",\"url\":\"/data/instamove_app/2604e94c-175a-11eb-95c2-d3eed687399a/sample/192.168.3.99.mp4\"}]','',0),('2fade874-175d-11eb-95c2-d3eed687399a','骆威旭_1组1次',0,1,'2020-10-26 07:31:47',1,0,1,'[\"reconstruct_default\"]','[{\"ip\":\"192.168.3.98\",\"url\":\"/data/instamove_app/2fade874-175d-11eb-95c2-d3eed687399a/sample/192.168.3.98.mp4\"},{\"ip\":\"192.168.3.96\",\"url\":\"/data/instamove_app/2fade874-175d-11eb-95c2-d3eed687399a/sample/192.168.3.96.mp4\"},{\"ip\":\"192.168.3.99\",\"url\":\"/data/instamove_app/2fade874-175d-11eb-95c2-d3eed687399a/sample/192.168.3.99.mp4\"}]','',0),('3269d86c-175c-11eb-95c2-d3eed687399a','焦子毅_1组1次',0,1,'2020-10-26 07:24:09',1,0,1,'[\"reconstruct_default\"]','[{\"ip\":\"192.168.3.98\",\"url\":\"/data/instamove_app/3269d86c-175c-11eb-95c2-d3eed687399a/sample/192.168.3.98.mp4\"},{\"ip\":\"192.168.3.96\",\"url\":\"/data/instamove_app/3269d86c-175c-11eb-95c2-d3eed687399a/sample/192.168.3.96.mp4\"},{\"ip\":\"192.168.3.99\",\"url\":\"/data/instamove_app/3269d86c-175c-11eb-95c2-d3eed687399a/sample/192.168.3.99.mp4\"}]','',0),('49d4130a-175c-11eb-95c2-d3eed687399a','焦子毅_1组2次',0,1,'2020-10-26 07:25:05',1,0,0,'[]','[{\"ip\":\"192.168.3.98\",\"url\":\"/data/instamove_app/49d4130a-175c-11eb-95c2-d3eed687399a/sample/192.168.3.98.mp4\"},{\"ip\":\"192.168.3.96\",\"url\":\"/data/instamove_app/49d4130a-175c-11eb-95c2-d3eed687399a/sample/192.168.3.96.mp4\"},{\"ip\":\"192.168.3.99\",\"url\":\"/data/instamove_app/49d4130a-175c-11eb-95c2-d3eed687399a/sample/192.168.3.99.mp4\"}]','',0),('560f915c-175d-11eb-95c2-d3eed687399a','骆威旭_1组2次',0,1,'2020-10-26 07:32:27',1,0,0,'[]','[{\"ip\":\"192.168.3.98\",\"url\":\"/data/instamove_app/560f915c-175d-11eb-95c2-d3eed687399a/sample/192.168.3.98.mp4\"},{\"ip\":\"192.168.3.96\",\"url\":\"/data/instamove_app/560f915c-175d-11eb-95c2-d3eed687399a/sample/192.168.3.96.mp4\"},{\"ip\":\"192.168.3.99\",\"url\":\"/data/instamove_app/560f915c-175d-11eb-95c2-d3eed687399a/sample/192.168.3.99.mp4\"}]','',0),('564d72e0-175a-11eb-95c2-d3eed687399a','杨博宇_1组1次',0,1,'2020-10-26 07:11:39',1,0,1,'[\"reconstruct_default\"]','[{\"ip\":\"192.168.3.98\",\"url\":\"/data/instamove_app/564d72e0-175a-11eb-95c2-d3eed687399a/sample/192.168.3.98.mp4\"},{\"ip\":\"192.168.3.96\",\"url\":\"/data/instamove_app/564d72e0-175a-11eb-95c2-d3eed687399a/sample/192.168.3.96.mp4\"},{\"ip\":\"192.168.3.99\",\"url\":\"/data/instamove_app/564d72e0-175a-11eb-95c2-d3eed687399a/sample/192.168.3.99.mp4\"}]','',0),('7d8737c0-1759-11eb-95c2-d3eed687399a','曹政_1组1次',0,1,'2020-10-26 07:04:40',1,0,1,'[\"reconstruct_default\"]','[{\"ip\":\"192.168.3.98\",\"url\":\"/data/instamove_app/7d8737c0-1759-11eb-95c2-d3eed687399a/sample/192.168.3.98.mp4\"},{\"ip\":\"192.168.3.96\",\"url\":\"/data/instamove_app/7d8737c0-1759-11eb-95c2-d3eed687399a/sample/192.168.3.96.mp4\"},{\"ip\":\"192.168.3.99\",\"url\":\"/data/instamove_app/7d8737c0-1759-11eb-95c2-d3eed687399a/sample/192.168.3.99.mp4\"}]','',0),('7fcf3516-175c-11eb-95c2-d3eed687399a','徐碧天_1组1次',0,1,'2020-10-26 07:26:33',1,0,1,'[\"reconstruct_default\"]','[{\"ip\":\"192.168.3.98\",\"url\":\"/data/instamove_app/7fcf3516-175c-11eb-95c2-d3eed687399a/sample/192.168.3.98.mp4\"},{\"ip\":\"192.168.3.96\",\"url\":\"/data/instamove_app/7fcf3516-175c-11eb-95c2-d3eed687399a/sample/192.168.3.96.mp4\"},{\"ip\":\"192.168.3.99\",\"url\":\"/data/instamove_app/7fcf3516-175c-11eb-95c2-d3eed687399a/sample/192.168.3.99.mp4\"}]','',0),('82a7e3f2-175a-11eb-95c2-d3eed687399a','杨博宇_1组2次',0,1,'2020-10-26 07:12:17',1,0,1,'[\"reconstruct_default\"]','[{\"ip\":\"192.168.3.98\",\"url\":\"/data/instamove_app/82a7e3f2-175a-11eb-95c2-d3eed687399a/sample/192.168.3.98.mp4\"},{\"ip\":\"192.168.3.96\",\"url\":\"/data/instamove_app/82a7e3f2-175a-11eb-95c2-d3eed687399a/sample/192.168.3.96.mp4\"},{\"ip\":\"192.168.3.99\",\"url\":\"/data/instamove_app/82a7e3f2-175a-11eb-95c2-d3eed687399a/sample/192.168.3.99.mp4\"}]','',0),('8481b1ac-175b-11eb-95c2-d3eed687399a','梁嘉睿_1组1次',0,1,'2020-10-26 07:19:24',1,0,1,'[\"reconstruct_default\"]','[{\"ip\":\"192.168.3.98\",\"url\":\"/data/instamove_app/8481b1ac-175b-11eb-95c2-d3eed687399a/sample/192.168.3.98.mp4\"},{\"ip\":\"192.168.3.96\",\"url\":\"/data/instamove_app/8481b1ac-175b-11eb-95c2-d3eed687399a/sample/192.168.3.96.mp4\"},{\"ip\":\"192.168.3.99\",\"url\":\"/data/instamove_app/8481b1ac-175b-11eb-95c2-d3eed687399a/sample/192.168.3.99.mp4\"}]','',0),('8945ee80-174f-11eb-95c2-d3eed687399a','noon1_1组1次',0,1,'2020-10-26 05:53:32',1,0,1,'[\"reconstruct_default\"]','[{\"ip\":\"192.168.3.98\",\"url\":\"/data/instamove_app/8945ee80-174f-11eb-95c2-d3eed687399a/sample/192.168.3.98.mp4\"},{\"ip\":\"192.168.3.96\",\"url\":\"/data/instamove_app/8945ee80-174f-11eb-95c2-d3eed687399a/sample/192.168.3.96.mp4\"},{\"ip\":\"192.168.3.99\",\"url\":\"/data/instamove_app/8945ee80-174f-11eb-95c2-d3eed687399a/sample/192.168.3.99.mp4\"}]','',0),('8b7e4876-1742-11eb-9645-c9a198990f44','event_1_1_2020-10-26 04:19:48_1组1次',0,1,'2020-10-26 04:20:18',1,0,1,'[\"reconstruct_default\"]','[{\"ip\":\"192.168.3.98\",\"url\":\"/data/instamove_app/8b7e4876-1742-11eb-9645-c9a198990f44/sample/192.168.3.98.mp4\"},{\"ip\":\"192.168.3.96\",\"url\":\"/data/instamove_app/8b7e4876-1742-11eb-9645-c9a198990f44/sample/192.168.3.96.mp4\"},{\"ip\":\"192.168.3.99\",\"url\":\"/data/instamove_app/8b7e4876-1742-11eb-9645-c9a198990f44/sample/192.168.3.99.mp4\"}]','',0),('90c260da-1759-11eb-95c2-d3eed687399a','曹政_1组2次',0,1,'2020-10-26 07:05:25',1,0,1,'[\"reconstruct_default\"]','[{\"ip\":\"192.168.3.98\",\"url\":\"/data/instamove_app/90c260da-1759-11eb-95c2-d3eed687399a/sample/192.168.3.98.mp4\"},{\"ip\":\"192.168.3.96\",\"url\":\"/data/instamove_app/90c260da-1759-11eb-95c2-d3eed687399a/sample/192.168.3.96.mp4\"},{\"ip\":\"192.168.3.99\",\"url\":\"/data/instamove_app/90c260da-1759-11eb-95c2-d3eed687399a/sample/192.168.3.99.mp4\"}]','',0),('9542d76c-1758-11eb-95c2-d3eed687399a','张圣浩_1组3次',0,1,'2020-10-26 06:58:28',1,0,1,'[\"reconstruct_default\"]','[{\"ip\":\"192.168.3.98\",\"url\":\"/data/instamove_app/9542d76c-1758-11eb-95c2-d3eed687399a/sample/192.168.3.98.mp4\"},{\"ip\":\"192.168.3.96\",\"url\":\"/data/instamove_app/9542d76c-1758-11eb-95c2-d3eed687399a/sample/192.168.3.96.mp4\"},{\"ip\":\"192.168.3.99\",\"url\":\"/data/instamove_app/9542d76c-1758-11eb-95c2-d3eed687399a/sample/192.168.3.99.mp4\"}]','',0),('9a207844-175c-11eb-95c2-d3eed687399a','徐碧天_1组2次',0,1,'2020-10-26 07:27:04',1,0,0,'[]','[{\"ip\":\"192.168.3.98\",\"url\":\"/data/instamove_app/9a207844-175c-11eb-95c2-d3eed687399a/sample/192.168.3.98.mp4\"},{\"ip\":\"192.168.3.96\",\"url\":\"/data/instamove_app/9a207844-175c-11eb-95c2-d3eed687399a/sample/192.168.3.96.mp4\"},{\"ip\":\"192.168.3.99\",\"url\":\"/data/instamove_app/9a207844-175c-11eb-95c2-d3eed687399a/sample/192.168.3.99.mp4\"}]','',0),('9a2ef69a-175b-11eb-95c2-d3eed687399a','梁嘉睿_1组2次',0,1,'2020-10-26 07:19:48',1,0,1,'[\"reconstruct_default\"]','[{\"ip\":\"192.168.3.98\",\"url\":\"/data/instamove_app/9a2ef69a-175b-11eb-95c2-d3eed687399a/sample/192.168.3.98.mp4\"},{\"ip\":\"192.168.3.96\",\"url\":\"/data/instamove_app/9a2ef69a-175b-11eb-95c2-d3eed687399a/sample/192.168.3.96.mp4\"},{\"ip\":\"192.168.3.99\",\"url\":\"/data/instamove_app/9a2ef69a-175b-11eb-95c2-d3eed687399a/sample/192.168.3.99.mp4\"}]','',0),('9f311a1e-1739-11eb-bd19-4d995890690e',NULL,NULL,NULL,NULL,1,0,1,'[\"reconstruct_default\"]','[{\"ip\":\"192.168.3.98\",\"url\":\"/data/instamove_app/9f311a1e-1739-11eb-bd19-4d995890690e/sample/192.168.3.98.mp4\"},{\"ip\":\"192.168.3.96\",\"url\":\"/data/instamove_app/9f311a1e-1739-11eb-bd19-4d995890690e/sample/192.168.3.96.mp4\"},{\"ip\":\"192.168.3.99\",\"url\":\"/data/instamove_app/9f311a1e-1739-11eb-bd19-4d995890690e/sample/192.168.3.99.mp4\"}]','',0),('ae18cbf2-1758-11eb-95c2-d3eed687399a','张圣浩_1组4次',0,1,'2020-10-26 06:59:02',1,0,1,'[\"reconstruct_default\"]','[{\"ip\":\"192.168.3.98\",\"url\":\"/data/instamove_app/ae18cbf2-1758-11eb-95c2-d3eed687399a/sample/192.168.3.98.mp4\"},{\"ip\":\"192.168.3.96\",\"url\":\"/data/instamove_app/ae18cbf2-1758-11eb-95c2-d3eed687399a/sample/192.168.3.96.mp4\"},{\"ip\":\"192.168.3.99\",\"url\":\"/data/instamove_app/ae18cbf2-1758-11eb-95c2-d3eed687399a/sample/192.168.3.99.mp4\"}]','',0),('cf69b2ca-174f-11eb-95c2-d3eed687399a','event_1_1_2020-10-26 05:52:50_1组1次',0,1,'2020-10-26 05:55:25',1,0,1,'[\"reconstruct_default\"]','[{\"ip\":\"192.168.3.98\",\"url\":\"/data/instamove_app/cf69b2ca-174f-11eb-95c2-d3eed687399a/sample/192.168.3.98.mp4\"},{\"ip\":\"192.168.3.96\",\"url\":\"/data/instamove_app/cf69b2ca-174f-11eb-95c2-d3eed687399a/sample/192.168.3.96.mp4\"},{\"ip\":\"192.168.3.99\",\"url\":\"/data/instamove_app/cf69b2ca-174f-11eb-95c2-d3eed687399a/sample/192.168.3.99.mp4\"}]','',0),('cffe577a-175b-11eb-95c2-d3eed687399a','李杰_1组1次',0,1,'2020-10-26 07:21:45',1,0,1,'[\"reconstruct_default\"]','[{\"ip\":\"192.168.3.98\",\"url\":\"/data/instamove_app/cffe577a-175b-11eb-95c2-d3eed687399a/sample/192.168.3.98.mp4\"},{\"ip\":\"192.168.3.96\",\"url\":\"/data/instamove_app/cffe577a-175b-11eb-95c2-d3eed687399a/sample/192.168.3.96.mp4\"},{\"ip\":\"192.168.3.99\",\"url\":\"/data/instamove_app/cffe577a-175b-11eb-95c2-d3eed687399a/sample/192.168.3.99.mp4\"}]','',0),('dac60de6-1743-11eb-9645-c9a198990f44','time2_1组1次',0,1,'2020-10-26 04:29:43',1,0,1,'[\"reconstruct_default\"]','[{\"ip\":\"192.168.3.98\",\"url\":\"/data/instamove_app/dac60de6-1743-11eb-9645-c9a198990f44/sample/192.168.3.98.mp4\"},{\"ip\":\"192.168.3.96\",\"url\":\"/data/instamove_app/dac60de6-1743-11eb-9645-c9a198990f44/sample/192.168.3.96.mp4\"},{\"ip\":\"192.168.3.99\",\"url\":\"/data/instamove_app/dac60de6-1743-11eb-9645-c9a198990f44/sample/192.168.3.99.mp4\"}]','',0),('e23e6f46-175c-11eb-95c2-d3eed687399a','黄京城_1组1次',0,1,'2020-10-26 07:29:08',1,0,1,'[\"reconstruct_default\"]','[{\"ip\":\"192.168.3.98\",\"url\":\"/data/instamove_app/e23e6f46-175c-11eb-95c2-d3eed687399a/sample/192.168.3.98.mp4\"},{\"ip\":\"192.168.3.96\",\"url\":\"/data/instamove_app/e23e6f46-175c-11eb-95c2-d3eed687399a/sample/192.168.3.96.mp4\"},{\"ip\":\"192.168.3.99\",\"url\":\"/data/instamove_app/e23e6f46-175c-11eb-95c2-d3eed687399a/sample/192.168.3.99.mp4\"}]','',0),('e78ab812-175a-11eb-95c2-d3eed687399a','陆传堂_1组1次',0,1,'2020-10-26 07:15:03',1,0,1,'[\"reconstruct_default\"]','[{\"ip\":\"192.168.3.98\",\"url\":\"/data/instamove_app/e78ab812-175a-11eb-95c2-d3eed687399a/sample/192.168.3.98.mp4\"},{\"ip\":\"192.168.3.96\",\"url\":\"/data/instamove_app/e78ab812-175a-11eb-95c2-d3eed687399a/sample/192.168.3.96.mp4\"},{\"ip\":\"192.168.3.99\",\"url\":\"/data/instamove_app/e78ab812-175a-11eb-95c2-d3eed687399a/sample/192.168.3.99.mp4\"}]','',0),('event_2020_9_21_14_25_05','event_2020_9_21_14_25_05',NULL,NULL,NULL,1,1,1,'[\"reconstruct_default\"]','[{\"ip\":\"192.168.3.98\",\"url\":\"/data/instamove_app/event_2020_9_21_14_25_05/sample/192.168.3.98.mp4\"},{\"ip\":\"192.168.3.96\",\"url\":\"/data/instamove_app/event_2020_9_21_14_25_05/sample/192.168.3.96.mp4\"},{\"ip\":\"192.168.3.99\",\"url\":\"/data/instamove_app/event_2020_9_21_14_25_05/sample/192.168.3.99.mp4\"}]','/data/instamove_app/event_2020_9_21_14_25_05/preview/preview.png',0),('event_2020_9_21_15_31_58','event_2020_9_21_15_31_58',NULL,NULL,NULL,1,1,1,'[\"reconstruct_default\"]','[{\"ip\":\"192.168.3.98\",\"url\":\"/data/instamove_app/event_2020_9_21_15_31_58/sample/192.168.3.98.mp4\"},{\"ip\":\"192.168.3.96\",\"url\":\"/data/instamove_app/event_2020_9_21_15_31_58/sample/192.168.3.96.mp4\"},{\"ip\":\"192.168.3.99\",\"url\":\"/data/instamove_app/event_2020_9_21_15_31_58/sample/192.168.3.99.mp4\"}]','/data/instamove_app/event_2020_9_21_15_31_58/preview/preview.png',1),('f0a90d12-175b-11eb-95c2-d3eed687399a','李杰_1组2次',0,1,'2020-10-26 07:22:13',1,0,0,'[]','[{\"ip\":\"192.168.3.98\",\"url\":\"/data/instamove_app/f0a90d12-175b-11eb-95c2-d3eed687399a/sample/192.168.3.98.mp4\"},{\"ip\":\"192.168.3.96\",\"url\":\"/data/instamove_app/f0a90d12-175b-11eb-95c2-d3eed687399a/sample/192.168.3.96.mp4\"},{\"ip\":\"192.168.3.99\",\"url\":\"/data/instamove_app/f0a90d12-175b-11eb-95c2-d3eed687399a/sample/192.168.3.99.mp4\"}]','',0),('f2f626d4-1758-11eb-95c2-d3eed687399a','房骏龙_1组1次',0,1,'2020-10-26 07:01:30',1,0,1,'[\"reconstruct_default\"]','[{\"ip\":\"192.168.3.98\",\"url\":\"/data/instamove_app/f2f626d4-1758-11eb-95c2-d3eed687399a/sample/192.168.3.98.mp4\"},{\"ip\":\"192.168.3.96\",\"url\":\"/data/instamove_app/f2f626d4-1758-11eb-95c2-d3eed687399a/sample/192.168.3.96.mp4\"},{\"ip\":\"192.168.3.99\",\"url\":\"/data/instamove_app/f2f626d4-1758-11eb-95c2-d3eed687399a/sample/192.168.3.99.mp4\"}]','',0),('f77ece96-175c-11eb-95c2-d3eed687399a','黄京城_1组2次',0,1,'2020-10-26 07:29:39',1,0,0,'[]','[{\"ip\":\"192.168.3.98\",\"url\":\"/data/instamove_app/f77ece96-175c-11eb-95c2-d3eed687399a/sample/192.168.3.98.mp4\"},{\"ip\":\"192.168.3.96\",\"url\":\"/data/instamove_app/f77ece96-175c-11eb-95c2-d3eed687399a/sample/192.168.3.96.mp4\"},{\"ip\":\"192.168.3.99\",\"url\":\"/data/instamove_app/f77ece96-175c-11eb-95c2-d3eed687399a/sample/192.168.3.99.mp4\"}]','',0),('fe681440-1759-11eb-95c2-d3eed687399a','乔天源_1组1次',0,1,'2020-10-26 07:08:17',1,0,1,'[\"reconstruct_default\"]','[{\"ip\":\"192.168.3.98\",\"url\":\"/data/instamove_app/fe681440-1759-11eb-95c2-d3eed687399a/sample/192.168.3.98.mp4\"},{\"ip\":\"192.168.3.96\",\"url\":\"/data/instamove_app/fe681440-1759-11eb-95c2-d3eed687399a/sample/192.168.3.96.mp4\"},{\"ip\":\"192.168.3.99\",\"url\":\"/data/instamove_app/fe681440-1759-11eb-95c2-d3eed687399a/sample/192.168.3.99.mp4\"}]','',0),('fea11bc2-175a-11eb-95c2-d3eed687399a','陆传堂_1组2次',0,1,'2020-10-26 07:15:30',1,0,1,'[\"reconstruct_default\"]','[{\"ip\":\"192.168.3.98\",\"url\":\"/data/instamove_app/fea11bc2-175a-11eb-95c2-d3eed687399a/sample/192.168.3.98.mp4\"},{\"ip\":\"192.168.3.96\",\"url\":\"/data/instamove_app/fea11bc2-175a-11eb-95c2-d3eed687399a/sample/192.168.3.96.mp4\"},{\"ip\":\"192.168.3.99\",\"url\":\"/data/instamove_app/fea11bc2-175a-11eb-95c2-d3eed687399a/sample/192.168.3.99.mp4\"}]','',0),('test_event_0001','test_event_0001',NULL,NULL,NULL,1,1,0,'[]','[{\"ip\":\"192.168.3.98\",\"url\":\"/data/instamove_app/test_event_0001/sample/192.168.3.98.mp4\"},{\"ip\":\"192.168.3.96\",\"url\":\"/data/instamove_app/test_event_0001/sample/192.168.3.96.mp4\"},{\"ip\":\"192.168.3.95\",\"url\":\"/data/instamove_app/test_event_0001/sample/192.168.3.95.mp4\"}]','/data/instamove_app/test_event_0001/preview/preview.png',1),('test_event_01','test_event_01',NULL,NULL,NULL,1,1,1,'[\"reconstruct_default\"]','[{\"ip\":\"192.168.3.98\",\"url\":\"/data/instamove_app/test_event_01/sample/192.168.3.98.mp4\"},{\"ip\":\"192.168.3.96\",\"url\":\"/data/instamove_app/test_event_01/sample/192.168.3.96.mp4\"},{\"ip\":\"192.168.3.99\",\"url\":\"/data/instamove_app/test_event_01/sample/192.168.3.99.mp4\"}]','/data/instamove_app/test_event_01/preview/preview.png',1),('test_event_02','test_event_02',NULL,NULL,NULL,1,1,1,'[]','[{\"ip\":\"192.168.3.98\",\"url\":\"/data/instamove_app/test_event_02/sample/192.168.3.98.mp4\"},{\"ip\":\"192.168.3.96\",\"url\":\"/data/instamove_app/test_event_02/sample/192.168.3.96.mp4\"},{\"ip\":\"192.168.3.99\",\"url\":\"/data/instamove_app/test_event_02/sample/192.168.3.99.mp4\"}]','/data/instamove_app/test_event_02/preview/preview.png',0);
/*!40000 ALTER TABLE `events` ENABLE KEYS */;
UNLOCK TABLES;

--
-- Table structure for table `individuals`
--

DROP TABLE IF EXISTS `individuals`;
/*!40101 SET @saved_cs_client     = @@character_set_client */;
/*!40101 SET character_set_client = utf8 */;
CREATE TABLE `individuals` (
  `personId` int(11) NOT NULL AUTO_INCREMENT,
  `personName` varchar(100) NOT NULL,
  `teamId` int(11) DEFAULT NULL,
  PRIMARY KEY (`personId`),
  KEY `teamId` (`teamId`),
  CONSTRAINT `teamId` FOREIGN KEY (`teamId`) REFERENCES `teams` (`teamId`)
) ENGINE=InnoDB AUTO_INCREMENT=26 DEFAULT CHARSET=utf8;
/*!40101 SET character_set_client = @saved_cs_client */;

--
-- Dumping data for table `individuals`
--

LOCK TABLES `individuals` WRITE;
/*!40000 ALTER TABLE `individuals` DISABLE KEYS */;
INSERT INTO `individuals` VALUES (1,'person1',1),(2,'person2',1),(3,'person3',1),(4,'pe1',2),(5,'peer1',7),(6,'123123',5),(7,'pp1',9),(8,'pp2',9),(9,'a',NULL),(10,'a',1),(11,'a',1),(12,'a',1),(13,'a',1),(14,'a',NULL),(15,'a',NULL),(16,'l',1),(17,'ly',3),(18,'ly',3),(19,'ly',2),(20,'ly',2),(21,'vv',1),(22,'z',7),(23,'l',NULL),(24,'l',NULL),(25,'lyc',30);
/*!40000 ALTER TABLE `individuals` ENABLE KEYS */;
UNLOCK TABLES;

--
-- Table structure for table `personEvent`
--

DROP TABLE IF EXISTS `personEvent`;
/*!40101 SET @saved_cs_client     = @@character_set_client */;
/*!40101 SET character_set_client = utf8 */;
CREATE TABLE `personEvent` (
  `personId` int(11) NOT NULL,
  `eventId` varchar(100) NOT NULL,
  PRIMARY KEY (`personId`,`eventId`),
  KEY `personEvent_events_eventId_fk` (`eventId`),
  CONSTRAINT `personEvent_events_eventId_fk` FOREIGN KEY (`eventId`) REFERENCES `events` (`eventId`),
  CONSTRAINT `personEvent_individuals_personId_fk` FOREIGN KEY (`personId`) REFERENCES `individuals` (`personId`)
) ENGINE=InnoDB DEFAULT CHARSET=utf8;
/*!40101 SET character_set_client = @saved_cs_client */;

--
-- Dumping data for table `personEvent`
--

LOCK TABLES `personEvent` WRITE;
/*!40000 ALTER TABLE `personEvent` DISABLE KEYS */;
INSERT INTO `personEvent` VALUES (1,'event_2020_9_21_14_25_05'),(2,'event_2020_9_21_14_25_05'),(7,'event_2020_9_21_14_25_05'),(11,'event_2020_9_21_14_25_05'),(1,'event_2020_9_21_15_31_58'),(2,'event_2020_9_21_15_31_58'),(3,'event_2020_9_21_15_31_58'),(7,'event_2020_9_21_15_31_58'),(10,'event_2020_9_21_15_31_58'),(11,'event_2020_9_21_15_31_58'),(8,'test_event_0001'),(1,'test_event_01'),(3,'test_event_01'),(1,'test_event_02');
/*!40000 ALTER TABLE `personEvent` ENABLE KEYS */;
UNLOCK TABLES;

--
-- Table structure for table `projects`
--

DROP TABLE IF EXISTS `projects`;
/*!40101 SET @saved_cs_client     = @@character_set_client */;
/*!40101 SET character_set_client = utf8 */;
CREATE TABLE `projects` (
  `projectId` int(11) NOT NULL AUTO_INCREMENT,
  `projectName` varchar(100) NOT NULL,
  `projectCode` varchar(100) NOT NULL,
  PRIMARY KEY (`projectId`),
  UNIQUE KEY `projects_projectName_uindex` (`projectName`)
) ENGINE=InnoDB AUTO_INCREMENT=3 DEFAULT CHARSET=utf8;
/*!40101 SET character_set_client = @saved_cs_client */;

--
-- Dumping data for table `projects`
--

LOCK TABLES `projects` WRITE;
/*!40000 ALTER TABLE `projects` DISABLE KEYS */;
INSERT INTO `projects` VALUES (1,'三级跳','jump'),(2,'跳远','longJump');
/*!40000 ALTER TABLE `projects` ENABLE KEYS */;
UNLOCK TABLES;

--
-- Table structure for table `tags`
--

DROP TABLE IF EXISTS `tags`;
/*!40101 SET @saved_cs_client     = @@character_set_client */;
/*!40101 SET character_set_client = utf8 */;
CREATE TABLE `tags` (
  `tagId` int(11) NOT NULL AUTO_INCREMENT,
  `tagName` varchar(50) NOT NULL,
  PRIMARY KEY (`tagId`),
  UNIQUE KEY `tags_tagName_uindex` (`tagName`)
) ENGINE=InnoDB AUTO_INCREMENT=6 DEFAULT CHARSET=utf8;
/*!40101 SET character_set_client = @saved_cs_client */;

--
-- Dumping data for table `tags`
--

LOCK TABLES `tags` WRITE;
/*!40000 ALTER TABLE `tags` DISABLE KEYS */;
INSERT INTO `tags` VALUES (5,'tag100'),(3,'tag3'),(4,'tag44'),(1,'标签1'),(2,'标签2');
/*!40000 ALTER TABLE `tags` ENABLE KEYS */;
UNLOCK TABLES;

--
-- Table structure for table `teamCameraParam`
--

DROP TABLE IF EXISTS `teamCameraParam`;
/*!40101 SET @saved_cs_client     = @@character_set_client */;
/*!40101 SET character_set_client = utf8 */;
CREATE TABLE `teamCameraParam` (
  `teamId` int(11) NOT NULL,
  `cameraParam` text NOT NULL,
  PRIMARY KEY (`teamId`),
  CONSTRAINT `teamCameraParam_teams_teamId_fk` FOREIGN KEY (`teamId`) REFERENCES `teams` (`teamId`)
) ENGINE=InnoDB DEFAULT CHARSET=utf8;
/*!40101 SET character_set_client = @saved_cs_client */;

--
-- Dumping data for table `teamCameraParam`
--

LOCK TABLES `teamCameraParam` WRITE;
/*!40000 ALTER TABLE `teamCameraParam` DISABLE KEYS */;
INSERT INTO `teamCameraParam` VALUES (1,'{\"192.168.3.96\":{\"ip\":\"192.168.3.96\",\"port\":554,\"param\":{\"camera_matrix\":[[1619.478957214607,0,913.2071281446017],[0,1619.723620932968,528.486622095324],[0,0,1]],\"dist_coeffs\":[[-0.3334691321565847,0.16267418214751067,-0.0005755416705732398,-0.0002887218876942757,-0.05373788153504584]],\"rvecs\":[[[1.996926037107075],[-1.8351623306173983],[-0.7044548717195258]]],\"tvecs\":[[[548.4791777520817],[410.25896494814543],[3533.4563377486047]]],\"R\":null,\"T\":null,\"E\":null,\"F\":null}},\"192.168.3.98\":{\"ip\":\"192.168.3.98\",\"port\":554,\"param\":{\"camera_matrix\":[[1714.2760134812374,0,940.6449785378727],[0,1716.0037796812628,552.765806712867],[0,0,1]],\"dist_coeffs\":[[-0.3180722340844177,0.153375629025398,0.00030361514240975936,-0.000196225295224228,-0.05186163762725672]],\"rvecs\":[[[2.1245955452161827],[-2.246461948551398],[-0.15434299909381888]]],\"tvecs\":[[[317.41972879250545],[255.05646136056455],[4807.018708497846]]],\"R\":null,\"T\":null,\"E\":null,\"F\":null}},\"192.168.3.99\":{\"ip\":\"192.168.3.99\",\"port\":554,\"param\":{\"camera_matrix\":[[1669.9506279210173,0,844.8313707595985],[0,1677.9378108453766,507.51357023548655],[0,0,1]],\"dist_coeffs\":[[-0.3770829524288598,0.20569472057514032,-0.0018331834585500935,0.005101086929950871,-0.08799119931562548]],\"rvecs\":[[[-1.9540847288003174],[1.983203553900433],[-0.20558330112057244]]],\"tvecs\":[[[854.9749155201285],[278.2093809455511],[4215.172193935278]]],\"R\":null,\"T\":null,\"E\":null,\"F\":null}},\"192.168.3.91\":{\"ip\":\"192.168.3.91\",\"port\":554,\"param\":{\"camera_matrix\":[[1637.8074942796034,0,915.154001301584],[0,1639.1169261177758,525.7848777878528],[0,0,1]],\"dist_coeffs\":[[-0.34419290789518964,0.1834457029410839,-0.0006670632539803728,-0.0004065942529388023,-0.0690572160529781]],\"rvecs\":[[[-0.05316603318966691],[-0.6617102331238699],[-1.5331726080080794]],[[-0.29953768296014616],[0.35919794204933425],[-1.4227886625777357]],[[0.8728836360440759],[0.3230998970847078],[-1.2684658857191562]],[[-0.18690269697548992],[0.25212262096485155],[-1.4431496594311848]],[[0.3205585582404517],[-0.25214051739282567],[-1.4627721225850232]],[[0.678641297597122],[-0.5542076662791096],[-1.370157317347472]],[[0.5532068609812372],[0.659490569314105],[-1.3280187131270345]],[[-0.42913945623912314],[0.6422757979349848],[-1.4364239773698537]],[[0.2674027003521989],[-0.06386390080461932],[-1.4993290738857115]],[[0.9007793020588104],[-0.794442885064247],[-1.2956397064572203]],[[0.8037400305430448],[0.3182211070769853],[-1.2400636730738877]],[[-0.06064223970241646],[-0.6915544549679239],[-1.5219176784065198]],[[-0.5807589241428326],[0.519503014797078],[-1.4074194787912682]],[[-0.4989858619355876],[0.734407069127861],[-1.3703787331020503]],[[-0.03530469437160484],[0.05922008054179477],[-1.5086126973182272]],[[0.3753835495749016],[-0.3488653681971109],[-1.4000921423749062]],[[-0.741053053689079],[-0.3039260340747781],[-1.3288207704259567]],[[-0.5265094539710138],[0.7107133374707354],[-1.3920260514759508]],[[0.43914360512938655],[0.7187091582111155],[-1.445125486942328]],[[-0.08375503766463487],[0.21043699971441507],[-1.4911395584382214]],[[0.7662825503687107],[0.2873324718485456],[-1.323635727831788]],[[-0.15659601670335158],[-0.8016830419392795],[-1.5641729836371046]]],\"tvecs\":[[[-621.8184187266813],[8.344328175013587],[1214.0342120474065]],[[-1010.0306445964299],[688.0293349545308],[3488.1024839816696]],[[-1690.2436899030413],[-353.9530134217386],[2934.4881418074324]],[[-1715.3922241076962],[105.02353681188087],[3207.360114167227]],[[-1675.7503967293646],[750.6917127609739],[2931.686583233409]],[[-594.9027246185972],[306.3954532084568],[1217.2343791993148]],[[43.22612321928557],[-3.1109658291444133],[1391.6521130032254]],[[214.2688436954582],[312.2144796652276],[1517.7339855272294]],[[-1139.093148042271],[-153.95331488370346],[2226.0416750122827]],[[-948.2276466074251],[440.627894050861],[2090.449181240136]],[[-514.3335666565421],[347.1901186036001],[2529.933303333404]],[[-399.142864971032],[-203.78521069571195],[2272.695606479838]],[[580.4436132286046],[-71.42804396924396],[2559.2826041867793]],[[460.5716872498919],[390.9151528343436],[2721.055836002786]],[[1124.8414802318778],[-394.7375402655902],[3266.0201764882922]],[[1079.2595125264168],[149.41976344658045],[3272.885164796478]],[[917.6239674202482],[737.8877116604325],[3375.709034818763]],[[566.7306451643534],[-418.2595043919237],[3612.0392221328584]],[[422.2378912484696],[145.36324886162794],[3540.62464162409]],[[489.3126382497457],[795.6194038561936],[3405.114240138006]],[[-910.1815766098039],[-395.51347380507104],[3267.4229725893188]],[[-895.1501051421704],[65.07449749216129],[3208.3421766313086]]],\"R\":null,\"T\":null,\"E\":null,\"F\":null}}}'),(2,'{\"192.168.3.96\":{\"ip\":\"192.168.3.96\",\"port\":554,\"param\":{\"camera_matrix\":[[1619.478957214607,0,913.2071281446017],[0,1619.723620932968,528.486622095324],[0,0,1]],\"dist_coeffs\":[[-0.3334691321565847,0.16267418214751067,-0.0005755416705732398,-0.0002887218876942757,-0.05373788153504584]],\"rvecs\":[[[1.996926037107075],[-1.8351623306173983],[-0.7044548717195258]]],\"tvecs\":[[[548.4791777520817],[410.25896494814543],[3533.4563377486047]]],\"R\":null,\"T\":null,\"E\":null,\"F\":null}},\"192.168.3.98\":{\"ip\":\"192.168.3.98\",\"port\":554,\"param\":{\"camera_matrix\":[[1714.2760134812374,0,940.6449785378727],[0,1716.0037796812628,552.765806712867],[0,0,1]],\"dist_coeffs\":[[-0.3180722340844177,0.153375629025398,0.00030361514240975936,-0.000196225295224228,-0.05186163762725672]],\"rvecs\":[[[2.1245955452161827],[-2.246461948551398],[-0.15434299909381888]]],\"tvecs\":[[[317.41972879250545],[255.05646136056455],[4807.018708497846]]],\"R\":null,\"T\":null,\"E\":null,\"F\":null}},\"192.168.3.99\":{\"ip\":\"192.168.3.99\",\"port\":554,\"param\":{\"camera_matrix\":[[1669.9506279210173,0,844.8313707595985],[0,1677.9378108453766,507.51357023548655],[0,0,1]],\"dist_coeffs\":[[-0.3770829524288598,0.20569472057514032,-0.0018331834585500935,0.005101086929950871,-0.08799119931562548]],\"rvecs\":[[[-1.9540847288003174],[1.983203553900433],[-0.20558330112057244]]],\"tvecs\":[[[854.9749155201285],[278.2093809455511],[4215.172193935278]]],\"R\":null,\"T\":null,\"E\":null,\"F\":null}},\"192.168.3.91\":{\"ip\":\"192.168.3.91\",\"port\":554,\"param\":{\"camera_matrix\":[[1637.8074942796034,0,915.154001301584],[0,1639.1169261177758,525.7848777878528],[0,0,1]],\"dist_coeffs\":[[-0.34419290789518964,0.1834457029410839,-0.0006670632539803728,-0.0004065942529388023,-0.0690572160529781]],\"rvecs\":[[[-0.05316603318966691],[-0.6617102331238699],[-1.5331726080080794]],[[-0.29953768296014616],[0.35919794204933425],[-1.4227886625777357]],[[0.8728836360440759],[0.3230998970847078],[-1.2684658857191562]],[[-0.18690269697548992],[0.25212262096485155],[-1.4431496594311848]],[[0.3205585582404517],[-0.25214051739282567],[-1.4627721225850232]],[[0.678641297597122],[-0.5542076662791096],[-1.370157317347472]],[[0.5532068609812372],[0.659490569314105],[-1.3280187131270345]],[[-0.42913945623912314],[0.6422757979349848],[-1.4364239773698537]],[[0.2674027003521989],[-0.06386390080461932],[-1.4993290738857115]],[[0.9007793020588104],[-0.794442885064247],[-1.2956397064572203]],[[0.8037400305430448],[0.3182211070769853],[-1.2400636730738877]],[[-0.06064223970241646],[-0.6915544549679239],[-1.5219176784065198]],[[-0.5807589241428326],[0.519503014797078],[-1.4074194787912682]],[[-0.4989858619355876],[0.734407069127861],[-1.3703787331020503]],[[-0.03530469437160484],[0.05922008054179477],[-1.5086126973182272]],[[0.3753835495749016],[-0.3488653681971109],[-1.4000921423749062]],[[-0.741053053689079],[-0.3039260340747781],[-1.3288207704259567]],[[-0.5265094539710138],[0.7107133374707354],[-1.3920260514759508]],[[0.43914360512938655],[0.7187091582111155],[-1.445125486942328]],[[-0.08375503766463487],[0.21043699971441507],[-1.4911395584382214]],[[0.7662825503687107],[0.2873324718485456],[-1.323635727831788]],[[-0.15659601670335158],[-0.8016830419392795],[-1.5641729836371046]]],\"tvecs\":[[[-621.8184187266813],[8.344328175013587],[1214.0342120474065]],[[-1010.0306445964299],[688.0293349545308],[3488.1024839816696]],[[-1690.2436899030413],[-353.9530134217386],[2934.4881418074324]],[[-1715.3922241076962],[105.02353681188087],[3207.360114167227]],[[-1675.7503967293646],[750.6917127609739],[2931.686583233409]],[[-594.9027246185972],[306.3954532084568],[1217.2343791993148]],[[43.22612321928557],[-3.1109658291444133],[1391.6521130032254]],[[214.2688436954582],[312.2144796652276],[1517.7339855272294]],[[-1139.093148042271],[-153.95331488370346],[2226.0416750122827]],[[-948.2276466074251],[440.627894050861],[2090.449181240136]],[[-514.3335666565421],[347.1901186036001],[2529.933303333404]],[[-399.142864971032],[-203.78521069571195],[2272.695606479838]],[[580.4436132286046],[-71.42804396924396],[2559.2826041867793]],[[460.5716872498919],[390.9151528343436],[2721.055836002786]],[[1124.8414802318778],[-394.7375402655902],[3266.0201764882922]],[[1079.2595125264168],[149.41976344658045],[3272.885164796478]],[[917.6239674202482],[737.8877116604325],[3375.709034818763]],[[566.7306451643534],[-418.2595043919237],[3612.0392221328584]],[[422.2378912484696],[145.36324886162794],[3540.62464162409]],[[489.3126382497457],[795.6194038561936],[3405.114240138006]],[[-910.1815766098039],[-395.51347380507104],[3267.4229725893188]],[[-895.1501051421704],[65.07449749216129],[3208.3421766313086]]],\"R\":null,\"T\":null,\"E\":null,\"F\":null}}}'),(5,'{\"192.168.3.96\":{\"ip\":\"192.168.3.96\",\"port\":554,\"param\":{\"camera_matrix\":[[1619.478957214607,0,913.2071281446017],[0,1619.723620932968,528.486622095324],[0,0,1]],\"dist_coeffs\":[[-0.3334691321565847,0.16267418214751067,-0.0005755416705732398,-0.0002887218876942757,-0.05373788153504584]],\"rvecs\":[[[1.996926037107075],[-1.8351623306173983],[-0.7044548717195258]]],\"tvecs\":[[[548.4791777520817],[410.25896494814543],[3533.4563377486047]]],\"R\":null,\"T\":null,\"E\":null,\"F\":null}},\"192.168.3.98\":{\"ip\":\"192.168.3.98\",\"port\":554,\"param\":{\"camera_matrix\":[[1714.2760134812374,0,940.6449785378727],[0,1716.0037796812628,552.765806712867],[0,0,1]],\"dist_coeffs\":[[-0.3180722340844177,0.153375629025398,0.00030361514240975936,-0.000196225295224228,-0.05186163762725672]],\"rvecs\":[[[2.1245955452161827],[-2.246461948551398],[-0.15434299909381888]]],\"tvecs\":[[[317.41972879250545],[255.05646136056455],[4807.018708497846]]],\"R\":null,\"T\":null,\"E\":null,\"F\":null}},\"192.168.3.99\":{\"ip\":\"192.168.3.99\",\"port\":554,\"param\":{\"camera_matrix\":[[1669.9506279210173,0,844.8313707595985],[0,1677.9378108453766,507.51357023548655],[0,0,1]],\"dist_coeffs\":[[-0.3770829524288598,0.20569472057514032,-0.0018331834585500935,0.005101086929950871,-0.08799119931562548]],\"rvecs\":[[[-1.9540847288003174],[1.983203553900433],[-0.20558330112057244]]],\"tvecs\":[[[854.9749155201285],[278.2093809455511],[4215.172193935278]]],\"R\":null,\"T\":null,\"E\":null,\"F\":null}},\"192.168.3.91\":{\"ip\":\"192.168.3.91\",\"port\":554,\"param\":{\"camera_matrix\":[[1637.8074942796034,0,915.154001301584],[0,1639.1169261177758,525.7848777878528],[0,0,1]],\"dist_coeffs\":[[-0.34419290789518964,0.1834457029410839,-0.0006670632539803728,-0.0004065942529388023,-0.0690572160529781]],\"rvecs\":[[[-0.05316603318966691],[-0.6617102331238699],[-1.5331726080080794]],[[-0.29953768296014616],[0.35919794204933425],[-1.4227886625777357]],[[0.8728836360440759],[0.3230998970847078],[-1.2684658857191562]],[[-0.18690269697548992],[0.25212262096485155],[-1.4431496594311848]],[[0.3205585582404517],[-0.25214051739282567],[-1.4627721225850232]],[[0.678641297597122],[-0.5542076662791096],[-1.370157317347472]],[[0.5532068609812372],[0.659490569314105],[-1.3280187131270345]],[[-0.42913945623912314],[0.6422757979349848],[-1.4364239773698537]],[[0.2674027003521989],[-0.06386390080461932],[-1.4993290738857115]],[[0.9007793020588104],[-0.794442885064247],[-1.2956397064572203]],[[0.8037400305430448],[0.3182211070769853],[-1.2400636730738877]],[[-0.06064223970241646],[-0.6915544549679239],[-1.5219176784065198]],[[-0.5807589241428326],[0.519503014797078],[-1.4074194787912682]],[[-0.4989858619355876],[0.734407069127861],[-1.3703787331020503]],[[-0.03530469437160484],[0.05922008054179477],[-1.5086126973182272]],[[0.3753835495749016],[-0.3488653681971109],[-1.4000921423749062]],[[-0.741053053689079],[-0.3039260340747781],[-1.3288207704259567]],[[-0.5265094539710138],[0.7107133374707354],[-1.3920260514759508]],[[0.43914360512938655],[0.7187091582111155],[-1.445125486942328]],[[-0.08375503766463487],[0.21043699971441507],[-1.4911395584382214]],[[0.7662825503687107],[0.2873324718485456],[-1.323635727831788]],[[-0.15659601670335158],[-0.8016830419392795],[-1.5641729836371046]]],\"tvecs\":[[[-621.8184187266813],[8.344328175013587],[1214.0342120474065]],[[-1010.0306445964299],[688.0293349545308],[3488.1024839816696]],[[-1690.2436899030413],[-353.9530134217386],[2934.4881418074324]],[[-1715.3922241076962],[105.02353681188087],[3207.360114167227]],[[-1675.7503967293646],[750.6917127609739],[2931.686583233409]],[[-594.9027246185972],[306.3954532084568],[1217.2343791993148]],[[43.22612321928557],[-3.1109658291444133],[1391.6521130032254]],[[214.2688436954582],[312.2144796652276],[1517.7339855272294]],[[-1139.093148042271],[-153.95331488370346],[2226.0416750122827]],[[-948.2276466074251],[440.627894050861],[2090.449181240136]],[[-514.3335666565421],[347.1901186036001],[2529.933303333404]],[[-399.142864971032],[-203.78521069571195],[2272.695606479838]],[[580.4436132286046],[-71.42804396924396],[2559.2826041867793]],[[460.5716872498919],[390.9151528343436],[2721.055836002786]],[[1124.8414802318778],[-394.7375402655902],[3266.0201764882922]],[[1079.2595125264168],[149.41976344658045],[3272.885164796478]],[[917.6239674202482],[737.8877116604325],[3375.709034818763]],[[566.7306451643534],[-418.2595043919237],[3612.0392221328584]],[[422.2378912484696],[145.36324886162794],[3540.62464162409]],[[489.3126382497457],[795.6194038561936],[3405.114240138006]],[[-910.1815766098039],[-395.51347380507104],[3267.4229725893188]],[[-895.1501051421704],[65.07449749216129],[3208.3421766313086]]],\"R\":null,\"T\":null,\"E\":null,\"F\":null}}}');
/*!40000 ALTER TABLE `teamCameraParam` ENABLE KEYS */;
UNLOCK TABLES;

--
-- Table structure for table `teamTrigger`
--

DROP TABLE IF EXISTS `teamTrigger`;
/*!40101 SET @saved_cs_client     = @@character_set_client */;
/*!40101 SET character_set_client = utf8 */;
CREATE TABLE `teamTrigger` (
  `teamId` int(11) NOT NULL,
  `trigger` text,
  PRIMARY KEY (`teamId`),
  CONSTRAINT `teamTrigger_teams_teamId_fk` FOREIGN KEY (`teamId`) REFERENCES `teams` (`teamId`)
) ENGINE=InnoDB DEFAULT CHARSET=utf8;
/*!40101 SET character_set_client = @saved_cs_client */;

--
-- Dumping data for table `teamTrigger`
--

LOCK TABLES `teamTrigger` WRITE;
/*!40000 ALTER TABLE `teamTrigger` DISABLE KEYS */;
INSERT INTO `teamTrigger` VALUES (1,'{\"cooldown\":5000,\"captureDelayMs\":1000,\"frameBufferSize\":360,\"config\":[{\"ip\":\"192.168.3.96\",\"rectList\":[{\"order\":0,\"top\":0.4,\"left\":0.1929693934765178,\"right\":0.2689633927077271,\"bottom\":0.7353818722467667},{\"order\":1,\"top\":0.531852135507379,\"left\":0.645387967363626,\"right\":0.715271928218275,\"bottom\":0.7556478644926214}]},{\"ip\":\"192.168.3.98\",\"rectList\":[{\"order\":0,\"top\":0.4453125,\"left\":0.20878334696488987,\"right\":0.2847773461960991,\"bottom\":0.7806943722467666},{\"order\":1,\"top\":0.524039635507379,\"left\":0.5635275022473469,\"right\":0.6334114631019963,\"bottom\":0.7478353644926214}]},{\"ip\":\"192.168.3.99\",\"rectList\":[{\"order\":0,\"top\":0.4875,\"left\":0.3250624167323317,\"right\":0.401056415963541,\"bottom\":0.8228818722467668},{\"order\":1,\"top\":0.414664635507379,\"left\":0.6239926185264167,\"right\":0.6938765793810658,\"bottom\":0.6384603644926214}]}]}'),(2,'{\"captureDelayMs\":10,\"config\":[{\"ip\":\"192.168.3.96\",\"rectList\":[{\"order\":0,\"top\":0.04375,\"left\":0.08506241673233175,\"right\":0.16105641596354106,\"bottom\":0.3791318722467667},{\"order\":1,\"top\":0.061539635507378954,\"left\":0.8788763394566493,\"right\":0.9487603003112983,\"bottom\":0.2853353644926214}]},{\"ip\":\"192.168.3.98\",\"rectList\":[{\"order\":0,\"top\":0.2859375,\"left\":0.09343450975558754,\"right\":0.1694285089867968,\"bottom\":0.6213193722467667},{\"order\":1,\"top\":0.35841463550737895,\"left\":0.8946902929450213,\"right\":0.9645742537996705,\"bottom\":0.5822103644926214}]},{\"ip\":\"192.168.3.99\",\"rectList\":[{\"order\":0,\"top\":0.5953125,\"left\":0.10273683533698291,\"right\":0.17873083456819222,\"bottom\":0.9306943722467669},{\"order\":1,\"top\":0.686539635507379,\"left\":0.8937600603868818,\"right\":0.9636440212415309,\"bottom\":0.9103353644926214}]}],\"cooldown\":20,\"frameBufferSize\":360}');
/*!40000 ALTER TABLE `teamTrigger` ENABLE KEYS */;
UNLOCK TABLES;

--
-- Table structure for table `teams`
--

DROP TABLE IF EXISTS `teams`;
/*!40101 SET @saved_cs_client     = @@character_set_client */;
/*!40101 SET character_set_client = utf8 */;
CREATE TABLE `teams` (
  `teamId` int(11) NOT NULL AUTO_INCREMENT,
  `teamName` varchar(100) NOT NULL,
  `projectId` int(11) DEFAULT NULL,
  PRIMARY KEY (`teamId`),
  KEY `projectId` (`projectId`),
  CONSTRAINT `projectId` FOREIGN KEY (`projectId`) REFERENCES `projects` (`projectId`)
) ENGINE=InnoDB AUTO_INCREMENT=32 DEFAULT CHARSET=utf8;
/*!40101 SET character_set_client = @saved_cs_client */;

--
-- Dumping data for table `teams`
--

LOCK TABLES `teams` WRITE;
/*!40000 ALTER TABLE `teams` DISABLE KEYS */;
INSERT INTO `teams` VALUES (1,'team1',1),(2,'team2',1),(3,'team3',1),(5,'team21',1),(6,'team4',1),(7,'team1',2),(8,'team5',1),(9,'t1',1),(22,'uuuutttt',1),(30,'ll',1),(31,'ll',1);
/*!40000 ALTER TABLE `teams` ENABLE KEYS */;
UNLOCK TABLES;

--
-- Table structure for table `userTeam`
--

DROP TABLE IF EXISTS `userTeam`;
/*!40101 SET @saved_cs_client     = @@character_set_client */;
/*!40101 SET character_set_client = utf8 */;
CREATE TABLE `userTeam` (
  `userId` int(11) NOT NULL,
  `teamId` int(11) NOT NULL,
  PRIMARY KEY (`userId`,`teamId`),
  KEY `userTeam_teams_teamId_fk` (`teamId`),
  CONSTRAINT `userTeam_teams_teamId_fk` FOREIGN KEY (`teamId`) REFERENCES `teams` (`teamId`),
  CONSTRAINT `userTeam_users_userId_fk` FOREIGN KEY (`userId`) REFERENCES `users` (`userId`)
) ENGINE=InnoDB DEFAULT CHARSET=utf8;
/*!40101 SET character_set_client = @saved_cs_client */;

--
-- Dumping data for table `userTeam`
--

LOCK TABLES `userTeam` WRITE;
/*!40000 ALTER TABLE `userTeam` DISABLE KEYS */;
INSERT INTO `userTeam` VALUES (4,1),(4,2),(4,3),(5,5),(4,6),(4,7),(4,8),(4,9),(4,22),(4,30),(4,31);
/*!40000 ALTER TABLE `userTeam` ENABLE KEYS */;
UNLOCK TABLES;

--
-- Table structure for table `users`
--

DROP TABLE IF EXISTS `users`;
/*!40101 SET @saved_cs_client     = @@character_set_client */;
/*!40101 SET character_set_client = utf8 */;
CREATE TABLE `users` (
  `userId` int(11) NOT NULL AUTO_INCREMENT,
  `username` varchar(100) NOT NULL,
  `userpass` varchar(100) NOT NULL,
  PRIMARY KEY (`userId`),
  UNIQUE KEY `users_username_uindex` (`username`)
) ENGINE=InnoDB AUTO_INCREMENT=7 DEFAULT CHARSET=utf8;
/*!40101 SET character_set_client = @saved_cs_client */;

--
-- Dumping data for table `users`
--

LOCK TABLES `users` WRITE;
/*!40000 ALTER TABLE `users` DISABLE KEYS */;
INSERT INTO `users` VALUES (0,'admin','21232f297a57a5a743894a0e4a801fc3'),(4,'user2','c1572d05424d0ecb2a65ec6a82aeacbf'),(5,'user','1a1dc91c907325c69271ddf0c944bc72');
/*!40000 ALTER TABLE `users` ENABLE KEYS */;
UNLOCK TABLES;

--
-- Dumping routines for database 'instamove'
--
/*!40103 SET TIME_ZONE=@OLD_TIME_ZONE */;

/*!40101 SET SQL_MODE=@OLD_SQL_MODE */;
/*!40014 SET FOREIGN_KEY_CHECKS=@OLD_FOREIGN_KEY_CHECKS */;
/*!40014 SET UNIQUE_CHECKS=@OLD_UNIQUE_CHECKS */;
/*!40101 SET CHARACTER_SET_CLIENT=@OLD_CHARACTER_SET_CLIENT */;
/*!40101 SET CHARACTER_SET_RESULTS=@OLD_CHARACTER_SET_RESULTS */;
/*!40101 SET COLLATION_CONNECTION=@OLD_COLLATION_CONNECTION */;
/*!40111 SET SQL_NOTES=@OLD_SQL_NOTES */;

-- Dump completed on 2020-10-27 16:55:51
